match_id,year,slam,match_num,player1,player2,status,winner,event_name,round,court_name,court_id,player1id,player2id,nation1,nation2
2015-frenchopen-1101,2015,frenchopen,1101,Novak Djokovic,Jarkko Nieminen,,,,,,,,,,
2015-frenchopen-1102,2015,frenchopen,1102,Gilles Muller,Paolo Lorenzi,,,,,,,,,,
2015-frenchopen-1104,2015,frenchopen,1104,Luca Vanni,Bernard Tomic,,,,,,,,,,
2015-frenchopen-1105,2015,frenchopen,1105,Richard Gasquet,Germain Gigounon,,,,,,,,,,
2015-frenchopen-1108,2015,frenchopen,1108,Tim Smyczek,Kevin Anderson,,,,,,,,,,
2015-frenchopen-1109,2015,frenchopen,1109,Grigor Dimitrov,Jack Sock,,,,,,,,,,
2015-frenchopen-1111,2015,frenchopen,1111,Borna Coric,Sam Querrey,,,,,,,,,,
2015-frenchopen-1113,2015,frenchopen,1113,Adrian Mannarino,Jurgen Melzer,,,,,,,,,,
2015-frenchopen-1115,2015,frenchopen,1115,Nicolas Almagro,Alexandr Dolgopolov,,,,,,,,,,
2015-frenchopen-1116,2015,frenchopen,1116,Quentin Halys,Rafael Nadal,,,,,,,,,,
2015-frenchopen-1117,2015,frenchopen,1117,Andy Murray,Facundo Arguello,,,,,,,,,,
2015-frenchopen-1118,2015,frenchopen,1118,Vasek Pospisil,Joao Sousa,,,,,,,,,,
2015-frenchopen-1119,2015,frenchopen,1119,Kyle Edmund,Stephane Robert,,,,,,,,,,
2015-frenchopen-1120,2015,frenchopen,1120,Denis Istomin,Nick Kyrgios,,,,,,,,,,
2015-frenchopen-1121,2015,frenchopen,1121,David Goffin,Filip Krajinovic,,,,,,,,,,
2015-frenchopen-1123,2015,frenchopen,1123,Jeremy Chardy,Michael Berrer,,,,,,,,,,
2015-frenchopen-1124,2015,frenchopen,1124,Andreas Seppi,John Isner,,,,,,,,,,
2015-frenchopen-1125,2015,frenchopen,1125,Marin Cilic,Robin Haase,,,,,,,,,,
2015-frenchopen-1126,2015,frenchopen,1126,James Duckworth,Andrea Arnaboldi,,,,,,,,,,
2015-frenchopen-1127,2015,frenchopen,1127,Jerzy Janowicz,Maxime Hamou,,,,,,,,,,
2015-frenchopen-1128,2015,frenchopen,1128,Jiri Vesely,Leonardo Mayer,,,,,,,,,,
2015-frenchopen-1132,2015,frenchopen,1132,Lukas Lacko,David Ferrer,,,,,,,,,,
2015-frenchopen-1133,2015,frenchopen,1133,Kei Nishikori,Paul Henri Mathieu,,,,,,,,,,
2015-frenchopen-1137,2015,frenchopen,1137,Roberto Bautista Agut,Florian Mayer,,,,,,,,,,
2015-frenchopen-1138,2015,frenchopen,1138,Elias Ymer,Lukas Rosol,,,,,,,,,,
2015-frenchopen-1140,2015,frenchopen,1140,Teymuraz Gabashvili,Feliciano Lopez,,,,,,,,,,
2015-frenchopen-1141,2015,frenchopen,1141,Jo Wilfried Tsonga,Christian Lindell,,,,,,,,,,
2015-frenchopen-1142,2015,frenchopen,1142,Mikhail Kukushkin,Dudi Sela,,,,,,,,,,
2015-frenchopen-1144,2015,frenchopen,1144,Go Soeda,Philipp Kohlschreiber,,,,,,,,,,
2015-frenchopen-1145,2015,frenchopen,1145,Fabio Fognini,Tatsuma Ito,,,,,,,,,,
2015-frenchopen-1146,2015,frenchopen,1146,Gastao Elias,Benoit Paire,,,,,,,,,,
2015-frenchopen-1148,2015,frenchopen,1148,Yoshihito Nishioka,Tomas Berdych,,,,,,,,,,
2015-frenchopen-1149,2015,frenchopen,1149,Stan Wawrinka,Marsel Ilhan,,,,,,,,,,
2015-frenchopen-1152,2015,frenchopen,1152,Steve Johnson,Guillermo Garcia Lopez,,,,,,,,,,
2015-frenchopen-1153,2015,frenchopen,1153,Ernests Gulbis,Igor Sijsling,,,,,,,,,,
2015-frenchopen-1154,2015,frenchopen,1154,Nicolas Mahut,Kimmer Coppejans,,,,,,,,,,
2015-frenchopen-1155,2015,frenchopen,1155,Frances Tiafoe,Martin Klizan,,,,,,,,,,
2015-frenchopen-1156,2015,frenchopen,1156,Lucas Pouille,Gilles Simon,,,,,,,,,,
2015-frenchopen-1157,2015,frenchopen,1157,Gael Monfils,Edouard Roger Vasselin,,,,,,,,,,
2015-frenchopen-1159,2015,frenchopen,1159,Dominic Thiem,Aljaz Bedene,,,,,,,,,,
2015-frenchopen-1160,2015,frenchopen,1160,Sam Groth,Pablo Cuevas,,,,,,,,,,
2015-frenchopen-1161,2015,frenchopen,1161,Ivo Karlovic,Marcos Baghdatis,,,,,,,,,,
2015-frenchopen-1162,2015,frenchopen,1162,Damir Dzumhur,Mikhail Youzhny,,,,,,,,,,
2015-frenchopen-1163,2015,frenchopen,1163,Marcel Granollers,Matthias Bachinger,,,,,,,,,,
2015-frenchopen-1164,2015,frenchopen,1164,Alejandro Falla,Roger Federer,,,,,,,,,,
2015-frenchopen-1201,2015,frenchopen,1201,Novak Djokovic,Gilles Muller,,,,,,,,,,
2015-frenchopen-1202,2015,frenchopen,1202,Thanasi Kokkinakis,Bernard Tomic,,,,,,,,,,
2015-frenchopen-1203,2015,frenchopen,1203,Richard Gasquet,Carlos Berlocq,,,,,,,,,,
2015-frenchopen-1204,2015,frenchopen,1204,Yen Hsun Lu,Kevin Anderson,,,,,,,,,,
2015-frenchopen-1205,2015,frenchopen,1205,Jack Sock,Pablo Carreno Busta,,,,,,,,,,
2015-frenchopen-1206,2015,frenchopen,1206,Borna Coric,Tommy Robredo,,,,,,,,,,
2015-frenchopen-1207,2015,frenchopen,1207,Jurgen Melzer,Andrey Kuznetsov,,,,,,,,,,
2015-frenchopen-1208,2015,frenchopen,1208,Nicolas Almagro,Rafael Nadal,,,,,,,,,,
2015-frenchopen-1209,2015,frenchopen,1209,Andy Murray,Joao Sousa,,,,,,,,,,
2015-frenchopen-1211,2015,frenchopen,1211,David Goffin,Santiago Giraldo,,,,,,,,,,
2015-frenchopen-1212,2015,frenchopen,1212,Jeremy Chardy,John Isner,,,,,,,,,,
2015-frenchopen-1213,2015,frenchopen,1213,Marin Cilic,Andrea Arnaboldi,,,,,,,,,,
2015-frenchopen-1216,2015,frenchopen,1216,Daniel Gimeno Traver,David Ferrer,,,,,,,,,,
2015-frenchopen-1217,2015,frenchopen,1217,Kei Nishikori,Thomaz Bellucci,,,,,,,,,,
2015-frenchopen-1218,2015,frenchopen,1218,Benjamin Becker,Fernando Verdasco,,,,,,,,,,
2015-frenchopen-1220,2015,frenchopen,1220,Juan Monaco,Teymuraz Gabashvili,,,,,,,,,,
2015-frenchopen-1221,2015,frenchopen,1221,Jo Wilfried Tsonga,Dudi Sela,,,,,,,,,,
2015-frenchopen-1222,2015,frenchopen,1222,Pablo Andujar,Philipp Kohlschreiber,,,,,,,,,,
2015-frenchopen-1223,2015,frenchopen,1223,Fabio Fognini,Benoit Paire,,,,,,,,,,
2015-frenchopen-1224,2015,frenchopen,1224,Radek Stepanek,Tomas Berdych,,,,,,,,,,
2015-frenchopen-1225,2015,frenchopen,1225,Stan Wawrinka,Dusan Lajovic,,,,,,,,,,
2015-frenchopen-1227,2015,frenchopen,1227,Ernests Gulbis,Nicolas Mahut,,,,,,,,,,
2015-frenchopen-1228,2015,frenchopen,1228,Martin Klizan,Gilles Simon,,,,,,,,,,
2015-frenchopen-1229,2015,frenchopen,1229,Gael Monfils,Diego Schwartzman,,,,,,,,,,
2015-frenchopen-1230,2015,frenchopen,1230,Dominic Thiem,Pablo Cuevas,,,,,,,,,,
2015-frenchopen-1231,2015,frenchopen,1231,Marcos Baghdatis,Damir Dzumhur,,,,,,,,,,
2015-frenchopen-1232,2015,frenchopen,1232,Marcel Granollers,Roger Federer,,,,,,,,,,
2015-frenchopen-1301,2015,frenchopen,1301,Novak Djokovic,Thanasi Kokkinakis,,,,,,,,,,
2015-frenchopen-1302,2015,frenchopen,1302,Richard Gasquet,Kevin Anderson,,,,,,,,,,
2015-frenchopen-1303,2015,frenchopen,1303,Jack Sock,Borna Coric,,,,,,,,,,
2015-frenchopen-1304,2015,frenchopen,1304,Andrey Kuznetsov,Rafael Nadal,,,,,,,,,,
2015-frenchopen-1305,2015,frenchopen,1305,Andy Murray,Nick Kyrgios,,,,,,,,,,
2015-frenchopen-1306,2015,frenchopen,1306,David Goffin,Jeremy Chardy,,,,,,,,,,
2015-frenchopen-1307,2015,frenchopen,1307,Marin Cilic,Leonardo Mayer,,,,,,,,,,
2015-frenchopen-1308,2015,frenchopen,1308,Simone Bolelli,David Ferrer,,,,,,,,,,
2015-frenchopen-1310,2015,frenchopen,1310,Lukas Rosol,Teymuraz Gabashvili,,,,,,,,,,
2015-frenchopen-1311,2015,frenchopen,1311,Jo Wilfried Tsonga,Pablo Andujar,,,,,,,,,,
2015-frenchopen-1312,2015,frenchopen,1312,Benoit Paire,Tomas Berdych,,,,,,,,,,
2015-frenchopen-1313,2015,frenchopen,1313,Stan Wawrinka,Steve Johnson,,,,,,,,,,
2015-frenchopen-1314,2015,frenchopen,1314,Nicolas Mahut,Gilles Simon,,,,,,,,,,
2015-frenchopen-1315,2015,frenchopen,1315,Gael Monfils,Pablo Cuevas,,,,,,,,,,
2015-frenchopen-1316,2015,frenchopen,1316,Damir Dzumhur,Roger Federer,,,,,,,,,,
2015-frenchopen-1401,2015,frenchopen,1401,Novak Djokovic,Richard Gasquet,,,,,,,,,,
2015-frenchopen-1402,2015,frenchopen,1402,Jack Sock,Rafael Nadal,,,,,,,,,,
2015-frenchopen-1403,2015,frenchopen,1403,Andy Murray,Jeremy Chardy,,,,,,,,,,
2015-frenchopen-1404,2015,frenchopen,1404,Marin Cilic,David Ferrer,,,,,,,,,,
2015-frenchopen-1405,2015,frenchopen,1405,Kei Nishikori,Teymuraz Gabashvili,,,,,,,,,,
2015-frenchopen-1406,2015,frenchopen,1406,Jo Wilfried Tsonga,Tomas Berdych,,,,,,,,,,
2015-frenchopen-1407,2015,frenchopen,1407,Stan Wawrinka,Gilles Simon,,,,,,,,,,
2015-frenchopen-1408,2015,frenchopen,1408,Gael Monfils,Roger Federer,,,,,,,,,,
2015-frenchopen-1501,2015,frenchopen,1501,Novak Djokovic,Rafael Nadal,,,,,,,,,,
2015-frenchopen-1502,2015,frenchopen,1502,Andy Murray,David Ferrer,,,,,,,,,,
2015-frenchopen-1503,2015,frenchopen,1503,Kei Nishikori,Jo Wilfried Tsonga,,,,,,,,,,
2015-frenchopen-1504,2015,frenchopen,1504,Stan Wawrinka,Roger Federer,,,,,,,,,,
2015-frenchopen-1601,2015,frenchopen,1601,Novak Djokovic,Andy Murray,,,,,,,,,,
2015-frenchopen-1602,2015,frenchopen,1602,Jo Wilfried Tsonga,Stan Wawrinka,,,,,,,,,,
2015-frenchopen-1701,2015,frenchopen,1701,Novak Djokovic,Stan Wawrinka,,,,,,,,,,
2015-frenchopen-2101,2015,frenchopen,2101,Serena Williams,Andrea Hlavackova,,,,,,,,,,
2015-frenchopen-2102,2015,frenchopen,2102,Anna Lena Friedsam,Alexa Glatch,,,,,,,,,,
2015-frenchopen-2103,2015,frenchopen,2103,Saisai Zheng,Lucie Hradecka,,,,,,,,,,
2015-frenchopen-2104,2015,frenchopen,2104,Maria Teresa Torro Flor,Victoria Azarenka,,,,,,,,,,
2015-frenchopen-2106,2015,frenchopen,2106,Denisa Allertova,Johanna Konta,,,,,,,,,,
2015-frenchopen-2107,2015,frenchopen,2107,Mathilde Johansson,Heather Watson,,,,,,,,,,
2015-frenchopen-2108,2015,frenchopen,2108,Sloane Stephens,Venus Williams,,,,,,,,,,
2015-frenchopen-2109,2015,frenchopen,2109,Andrea Petkovic,Shelby Rogers,,,,,,,,,,
2015-frenchopen-2110,2015,frenchopen,2110,Lourdes Dominguez Lino,Christina McHale,,,,,,,,,,
2015-frenchopen-2112,2015,frenchopen,2112,Alison Riske,Sara Errani,,,,,,,,,,
2015-frenchopen-2113,2015,frenchopen,2113,Jelena Jankovic,Sesil Karatantcheva,,,,,,,,,,
2015-frenchopen-2114,2015,frenchopen,2114,Irina Falconi,Manon Arcangioli,,,,,,,,,,
2015-frenchopen-2115,2015,frenchopen,2115,Coco Vandeweghe,Julia Goerges,,,,,,,,,,
2015-frenchopen-2116,2015,frenchopen,2116,Karin Knapp,Caroline Wozniacki,,,,,,,,,,
2015-frenchopen-2117,2015,frenchopen,2117,Petra Kvitova,Marina Erakovic,,,,,,,,,,
2015-frenchopen-2118,2015,frenchopen,2118,Silvia Soler Espinosa,Pauline Parmentier,,,,,,,,,,
2015-frenchopen-2123,2015,frenchopen,2123,Belinda Bencic,Daniela Hantuchova,,,,,,,,,,
2015-frenchopen-2124,2015,frenchopen,2124,Varvara Lepchenko,Madison Keys,,,,,,,,,,
2015-frenchopen-2125,2015,frenchopen,2125,Karolina Pliskova,Shuai Zhang,,,,,,,,,,
2015-frenchopen-2126,2015,frenchopen,2126,Andreea Mitu,Alize Lim,,,,,,,,,,
2015-frenchopen-2127,2015,frenchopen,2127,Qiang Wang,Francesca Schiavone,,,,,,,,,,
2015-frenchopen-2128,2015,frenchopen,2128,Kiki Bertens,Svetlana Kuznetsova,,,,,,,,,,
2015-frenchopen-2132,2015,frenchopen,2132,Kristina Mladenovic,Eugenie Bouchard,,,,,,,,,,
2015-frenchopen-2133,2015,frenchopen,2133,Ana Ivanovic,Yaroslava Shvedova,,,,,,,,,,
2015-frenchopen-2134,2015,frenchopen,2134,Petra Cetkovska,Misaki Doi,,,,,,,,,,
2015-frenchopen-2135,2015,frenchopen,2135,Bojana Jovanovski,Lesia Tsurenko,,,,,,,,,,
2015-frenchopen-2136,2015,frenchopen,2136,Donna Vekic,Caroline Garcia,,,,,,,,,,
2015-frenchopen-2137,2015,frenchopen,2137,Shuai Peng,Polona Hercog,,,,,,,,,,
2015-frenchopen-2139,2015,frenchopen,2139,Fiona Ferro,Teliana Pereira,,,,,,,,,,
2015-frenchopen-2140,2015,frenchopen,2140,Louisa Chirico,Ekaterina Makarova,,,,,,,,,,
2015-frenchopen-2141,2015,frenchopen,2141,Agnieszka Radwanska,Annika Beck,,,,,,,,,,
2015-frenchopen-2145,2015,frenchopen,2145,Alize Cornet,Roberta Vinci,,,,,,,,,,
2015-frenchopen-2148,2015,frenchopen,2148,Evgeniya Rodina,Simona Halep,,,,,,,,,,
2015-frenchopen-2149,2015,frenchopen,2149,Carla Suarez Navarro,Monica Niculescu,,,,,,,,,,
2015-frenchopen-2150,2015,frenchopen,2150,Virginie Razzano,Veronica Cepede Royg,,,,,,,,,,
2015-frenchopen-2151,2015,frenchopen,2151,Magdalena Rybarikova,Olivia Rogowska,,,,,,,,,,
2015-frenchopen-2152,2015,frenchopen,2152,Magda Linette,Flavia Pennetta,,,,,,,,,,
2015-frenchopen-2153,2015,frenchopen,2153,Garbine Muguruza,Petra Martic,,,,,,,,,,
2015-frenchopen-2154,2015,frenchopen,2154,Tatjana Maria,Camila Giorgi,,,,,,,,,,
2015-frenchopen-2156,2015,frenchopen,2156,Timea Babos,Angelique Kerber,,,,,,,,,,
2015-frenchopen-2157,2015,frenchopen,2157,Lucie Safarova,Anastasia Pavlyuchenkova,,,,,,,,,,
2015-frenchopen-2158,2015,frenchopen,2158,Oceane Dodin,Kurumi Nara,,,,,,,,,,
2015-frenchopen-2161,2015,frenchopen,2161,Samantha Stosur,Madison Brengle,,,,,,,,,,
2015-frenchopen-2162,2015,frenchopen,2162,Amandine Hesse,Jarmila Gajdosova,,,,,,,,,,
2015-frenchopen-2164,2015,frenchopen,2164,Kaia Kanepi,Maria Sharapova,,,,,,,,,,
2015-frenchopen-2201,2015,frenchopen,2201,Serena Williams,Anna Lena Friedsam,,,,,,,,,,
2015-frenchopen-2202,2015,frenchopen,2202,Lucie Hradecka,Victoria Azarenka,,,,,,,,,,
2015-frenchopen-2204,2015,frenchopen,2204,Heather Watson,Sloane Stephens,,,,,,,,,,
2015-frenchopen-2205,2015,frenchopen,2205,Andrea Petkovic,Lourdes Dominguez Lino,,,,,,,,,,
2015-frenchopen-2206,2015,frenchopen,2206,Carina Witthoeft,Sara Errani,,,,,,,,,,
2015-frenchopen-2207,2015,frenchopen,2207,Sesil Karatantcheva,Irina Falconi,,,,,,,,,,
2015-frenchopen-2208,2015,frenchopen,2208,Julia Goerges,Caroline Wozniacki,,,,,,,,,,
2015-frenchopen-2209,2015,frenchopen,2209,Petra Kvitova,Silvia Soler Espinosa,,,,,,,,,,
2015-frenchopen-2210,2015,frenchopen,2210,Ana Konjuh,Irina Camelia Begu,,,,,,,,,,
2015-frenchopen-2211,2015,frenchopen,2211,Timea Bacsinszky,Tereza Smitkova,,,,,,,,,,
2015-frenchopen-2212,2015,frenchopen,2212,Belinda Bencic,Madison Keys,,,,,,,,,,
2015-frenchopen-2213,2015,frenchopen,2213,Karolina Pliskova,Andreea Mitu,,,,,,,,,,
2015-frenchopen-2214,2015,frenchopen,2214,Francesca Schiavone,Svetlana Kuznetsova,,,,,,,,,,
2015-frenchopen-2215,2015,frenchopen,2215,Zarina Diyas,Alison Van Uytvanck,,,,,,,,,,
2015-frenchopen-2216,2015,frenchopen,2216,Danka Kovinic,Kristina Mladenovic,,,,,,,,,,
2015-frenchopen-2217,2015,frenchopen,2217,Ana Ivanovic,Misaki Doi,,,,,,,,,,
2015-frenchopen-2218,2015,frenchopen,2218,Bojana Jovanovski,Donna Vekic,,,,,,,,,,
2015-frenchopen-2219,2015,frenchopen,2219,Polona Hercog,Elena Vesnina,,,,,,,,,,
2015-frenchopen-2221,2015,frenchopen,2221,Annika Beck,Paula Kania,,,,,,,,,,
2015-frenchopen-2222,2015,frenchopen,2222,Yulia Putintseva,Elina Svitolina,,,,,,,,,,
2015-frenchopen-2223,2015,frenchopen,2223,Alize Cornet,Alexandra Dulgheru,,,,,,,,,,
2015-frenchopen-2224,2015,frenchopen,2224,Mirjana Lucic Baroni,Simona Halep,,,,,,,,,,
2015-frenchopen-2225,2015,frenchopen,2225,Carla Suarez Navarro,Virginie Razzano,,,,,,,,,,
2015-frenchopen-2226,2015,frenchopen,2226,Magdalena Rybarikova,Flavia Pennetta,,,,,,,,,,
2015-frenchopen-2227,2015,frenchopen,2227,Garbine Muguruza,Camila Giorgi,,,,,,,,,,
2015-frenchopen-2228,2015,frenchopen,2228,Ajla Tomljanovic,Angelique Kerber,,,,,,,,,,
2015-frenchopen-2229,2015,frenchopen,2229,Lucie Safarova,Kurumi Nara,,,,,,,,,,
2015-frenchopen-2230,2015,frenchopen,2230,Daria Gavrilova,Sabine Lisicki,,,,,,,,,,
2015-frenchopen-2231,2015,frenchopen,2231,Samantha Stosur,Amandine Hesse,,,,,,,,,,
2015-frenchopen-2232,2015,frenchopen,2232,Vitalia Diatchenko,Maria Sharapova,,,,,,,,,,
2015-frenchopen-2301,2015,frenchopen,2301,Serena Williams,Victoria Azarenka,,,,,,,,,,
2015-frenchopen-2302,2015,frenchopen,2302,Tsvetana Pironkova,Sloane Stephens,,,,,,,,,,
2015-frenchopen-2303,2015,frenchopen,2303,Andrea Petkovic,Sara Errani,,,,,,,,,,
2015-frenchopen-2304,2015,frenchopen,2304,Irina Falconi,Julia Goerges,,,,,,,,,,
2015-frenchopen-2305,2015,frenchopen,2305,Petra Kvitova,Irina Camelia Begu,,,,,,,,,,
2015-frenchopen-2306,2015,frenchopen,2306,Timea Bacsinszky,Madison Keys,,,,,,,,,,
2015-frenchopen-2307,2015,frenchopen,2307,Andreea Mitu,Francesca Schiavone,,,,,,,,,,
2015-frenchopen-2308,2015,frenchopen,2308,Alison Van Uytvanck,Kristina Mladenovic,,,,,,,,,,
2015-frenchopen-2309,2015,frenchopen,2309,Ana Ivanovic,Donna Vekic,,,,,,,,,,
2015-frenchopen-2310,2015,frenchopen,2310,Elena Vesnina,Ekaterina Makarova,,,,,,,,,,
2015-frenchopen-2311,2015,frenchopen,2311,Annika Beck,Elina Svitolina,,,,,,,,,,
2015-frenchopen-2312,2015,frenchopen,2312,Alize Cornet,Mirjana Lucic Baroni,,,,,,,,,,
2015-frenchopen-2313,2015,frenchopen,2313,Carla Suarez Navarro,Flavia Pennetta,,,,,,,,,,
2015-frenchopen-2314,2015,frenchopen,2314,Garbine Muguruza,Angelique Kerber,,,,,,,,,,
2015-frenchopen-2315,2015,frenchopen,2315,Lucie Safarova,Sabine Lisicki,,,,,,,,,,
2015-frenchopen-2316,2015,frenchopen,2316,Samantha Stosur,Maria Sharapova,,,,,,,,,,
2015-frenchopen-2401,2015,frenchopen,2401,Serena Williams,Sloane Stephens,,,,,,,,,,
2015-frenchopen-2402,2015,frenchopen,2402,Sara Errani,Julia Goerges,,,,,,,,,,
2015-frenchopen-2403,2015,frenchopen,2403,Petra Kvitova,Timea Bacsinszky,,,,,,,,,,
2015-frenchopen-2404,2015,frenchopen,2404,Andreea Mitu,Alison Van Uytvanck,,,,,,,,,,
2015-frenchopen-2405,2015,frenchopen,2405,Ana Ivanovic,Ekaterina Makarova,,,,,,,,,,
2015-frenchopen-2406,2015,frenchopen,2406,Elina Svitolina,Alize Cornet,,,,,,,,,,
2015-frenchopen-2407,2015,frenchopen,2407,Flavia Pennetta,Garbine Muguruza,,,,,,,,,,
2015-frenchopen-2408,2015,frenchopen,2408,Lucie Safarova,Maria Sharapova,,,,,,,,,,
2015-frenchopen-2501,2015,frenchopen,2501,Serena Williams,Sara Errani,,,,,,,,,,
2015-frenchopen-2502,2015,frenchopen,2502,Timea Bacsinszky,Alison Van Uytvanck,,,,,,,,,,
2015-frenchopen-2503,2015,frenchopen,2503,Ana Ivanovic,Elina Svitolina,,,,,,,,,,
2015-frenchopen-2504,2015,frenchopen,2504,Garbine Muguruza,Lucie Safarova,,,,,,,,,,
2015-frenchopen-2601,2015,frenchopen,2601,Serena Williams,Timea Bacsinszky,,,,,,,,,,
2015-frenchopen-2602,2015,frenchopen,2602,Ana Ivanovic,Lucie Safarova,,,,,,,,,,
2015-frenchopen-2701,2015,frenchopen,2701,Serena Williams,Lucie Safarova,,,,,,,,,,
