match_id,year,slam,match_num,player1,player2,status,winner,event_name,round,court_name,court_id,player1id,player2id,nation1,nation2
2015-wimbledon-1101,2015,wimbledon,1101,Novak Djokovic,Philipp Kohlschreiber,,,,,,,,,,
2015-wimbledon-1102,2015,wimbledon,1102,Jarkko Nieminen,Lleyton Hewitt,,,,,,,,,,
2015-wimbledon-1103,2015,wimbledon,1103,Pierre Hugues Herbert,Hyeon Chung,,,,,,,,,,
2015-wimbledon-1104,2015,wimbledon,1104,Jan Lennard Struff,Bernard Tomic,,,,,,,,,,
2015-wimbledon-1105,2015,wimbledon,1105,Leonardo Mayer,Thanasi Kokkinakis,,,,,,,,,,
2015-wimbledon-1106,2015,wimbledon,1106,Janko Tipsarevic,Marcel Granollers,,,,,,,,,,
2015-wimbledon-1107,2015,wimbledon,1107,Marsel Ilhan,Jerzy Janowicz,,,,,,,,,,
2015-wimbledon-1108,2015,wimbledon,1108,Lucas Pouille,Kevin Anderson,,,,,,,,,,
2015-wimbledon-1109,2015,wimbledon,1109,Marin Cilic,Hiroki Moriya,,,,,,,,,,
2015-wimbledon-1110,2015,wimbledon,1110,Andreas Haider Maurer,Ricardas Berankis,,,,,,,,,,
2015-wimbledon-1111,2015,wimbledon,1111,Matthew Ebden,Blaz Rola,,,,,,,,,,
2015-wimbledon-1112,2015,wimbledon,1112,Go Soeda,John Isner,,,,,,,,,,
2015-wimbledon-1113,2015,wimbledon,1113,Pablo Cuevas,Denis Kudla,,,,,,,,,,
2015-wimbledon-1114,2015,wimbledon,1114,Teymuraz Gabashvili,Alexander Zverev,,,,,,,,,,
2015-wimbledon-1115,2015,wimbledon,1115,Joao Souza,Santiago Giraldo,,,,,,,,,,
2015-wimbledon-1116,2015,wimbledon,1116,Simone Bolelli,Kei Nishikori,,,,,,,,,,
2015-wimbledon-1117,2015,wimbledon,1117,Stan Wawrinka,Joao Sousa,,,,,,,,,,
2015-wimbledon-1118,2015,wimbledon,1118,Victor Estrella Burgos,Benjamin Becker,,,,,,,,,,
2015-wimbledon-1119,2015,wimbledon,1119,Martin Klizan,Fernando Verdasco,,,,,,,,,,
2015-wimbledon-1120,2015,wimbledon,1120,Dudi Sela,Dominic Thiem,,,,,,,,,,
2015-wimbledon-1121,2015,wimbledon,1121,Tommy Robredo,John Millman,,,,,,,,,,
2015-wimbledon-1122,2015,wimbledon,1122,Donald Young,Marcos Baghdatis,,,,,,,,,,
2015-wimbledon-1123,2015,wimbledon,1123,Liam Broady,Marinko Matosevic,,,,,,,,,,
2015-wimbledon-1124,2015,wimbledon,1124,Horacio Zeballos,David Goffin,,,,,,,,,,
2015-wimbledon-1125,2015,wimbledon,1125,Grigor Dimitrov,Federico Delbonis,,,,,,,,,,
2015-wimbledon-1126,2015,wimbledon,1126,Lukas Lacko,Steve Johnson,,,,,,,,,,
2015-wimbledon-1127,2015,wimbledon,1127,Kenny De Schepper,John Patrick Smith,,,,,,,,,,
2015-wimbledon-1128,2015,wimbledon,1128,Luke Saville,Richard Gasquet,,,,,,,,,,
2015-wimbledon-1129,2015,wimbledon,1129,Nick Kyrgios,Diego Schwartzman,,,,,,,,,,
2015-wimbledon-1130,2015,wimbledon,1130,Juan Monaco,Florian Mayer,,,,,,,,,,
2015-wimbledon-1131,2015,wimbledon,1131,Dusan Lajovic,Tommy Haas,,,,,,,,,,
2015-wimbledon-1132,2015,wimbledon,1132,Daniel Gimeno Traver,Milos Raonic,,,,,,,,,,
2015-wimbledon-1133,2015,wimbledon,1133,Luca Vanni,James Ward,,,,,,,,,,
2015-wimbledon-1134,2015,wimbledon,1134,Jiri Vesely,Paolo Lorenzi,,,,,,,,,,
2015-wimbledon-1135,2015,wimbledon,1135,Vasek Pospisil,Vincent Millot,,,,,,,,,,
2015-wimbledon-1136,2015,wimbledon,1136,Tim Smyczek,Fabio Fognini,,,,,,,,,,
2015-wimbledon-1137,2015,wimbledon,1137,Viktor Troicki,Aleksandr Nedovyesov,,,,,,,,,,
2015-wimbledon-1138,2015,wimbledon,1138,Radek Stepanek,Aljaz Bedene,,,,,,,,,,
2015-wimbledon-1139,2015,wimbledon,1139,Dustin Brown,Yen Hsun Lu,,,,,,,,,,
2015-wimbledon-1140,2015,wimbledon,1140,Thomaz Bellucci,Rafael Nadal,,,,,,,,,,
2015-wimbledon-1141,2015,wimbledon,1141,Jo Wilfried Tsonga,Gilles Muller,,,,,,,,,,
2015-wimbledon-1142,2015,wimbledon,1142,Denis Istomin,Albert Ramos Vinolas,,,,,,,,,,
2015-wimbledon-1143,2015,wimbledon,1143,Alexandr Dolgopolov,Kyle Edmund,,,,,,,,,,
2015-wimbledon-1144,2015,wimbledon,1144,Elias Ymer,Ivo Karlovic,,,,,,,,,,
2015-wimbledon-1145,2015,wimbledon,1145,Andreas Seppi,Brydan Klein,,,,,,,,,,
2015-wimbledon-1146,2015,wimbledon,1146,Sergiy Stakhovsky,Borna Coric,,,,,,,,,,
2015-wimbledon-1147,2015,wimbledon,1147,Robin Haase,Alejandro Falla,,,,,,,,,,
2015-wimbledon-1148,2015,wimbledon,1148,Mikhail Kukushkin,Andy Murray,,,,,,,,,,
2015-wimbledon-1149,2015,wimbledon,1149,Tomas Berdych,Jeremy Chardy,,,,,,,,,,
2015-wimbledon-1150,2015,wimbledon,1150,Filip Krajinovic,Nicolas Mahut,,,,,,,,,,
2015-wimbledon-1151,2015,wimbledon,1151,Ernests Gulbis,Lukas Rosol,,,,,,,,,,
2015-wimbledon-1152,2015,wimbledon,1152,Pablo Andujar,Guillermo Garcia Lopez,,,,,,,,,,
2015-wimbledon-1153,2015,wimbledon,1153,Gael Monfils,Pablo Carreno Busta,,,,,,,,,,
2015-wimbledon-1154,2015,wimbledon,1154,Adrian Mannarino,Michael Berrer,,,,,,,,,,
2015-wimbledon-1155,2015,wimbledon,1155,Yuichi Sugita,Blaz Kavcic,,,,,,,,,,
2015-wimbledon-1156,2015,wimbledon,1156,Nicolas Almagro,Gilles Simon,,,,,,,,,,
2015-wimbledon-1157,2015,wimbledon,1157,Feliciano Lopez,Steve Darcis,,,,,,,,,,
2015-wimbledon-1158,2015,wimbledon,1158,Nikoloz Basilashvili,Facundo Bagnis,,,,,,,,,,
2015-wimbledon-1159,2015,wimbledon,1159,Benoit Paire,Mikhail Youzhny,,,,,,,,,,
2015-wimbledon-1160,2015,wimbledon,1160,Ruben Bemelmans,Roberto Bautista Agut,,,,,,,,,,
2015-wimbledon-1161,2015,wimbledon,1161,Jack Sock,Sam Groth,,,,,,,,,,
2015-wimbledon-1162,2015,wimbledon,1162,Malek Jaziri,James Duckworth,,,,,,,,,,
2015-wimbledon-1163,2015,wimbledon,1163,Sam Querrey,Igor Sijsling,,,,,,,,,,
2015-wimbledon-1164,2015,wimbledon,1164,Damir Dzumhur,Roger Federer,,,,,,,,,,
2015-wimbledon-1201,2015,wimbledon,1201,Novak Djokovic,Jarkko Nieminen,,,,,,,,,,
2015-wimbledon-1202,2015,wimbledon,1202,Pierre Hugues Herbert,Bernard Tomic,,,,,,,,,,
2015-wimbledon-1203,2015,wimbledon,1203,Leonardo Mayer,Marcel Granollers,,,,,,,,,,
2015-wimbledon-1204,2015,wimbledon,1204,Marsel Ilhan,Kevin Anderson,,,,,,,,,,
2015-wimbledon-1205,2015,wimbledon,1205,Marin Cilic,Ricardas Berankis,,,,,,,,,,
2015-wimbledon-1207,2015,wimbledon,1207,Denis Kudla,Alexander Zverev,,,,,,,,,,
2015-wimbledon-1209,2015,wimbledon,1209,Stan Wawrinka,Victor Estrella Burgos,,,,,,,,,,
2015-wimbledon-1210,2015,wimbledon,1210,Fernando Verdasco,Dominic Thiem,,,,,,,,,,
2015-wimbledon-1211,2015,wimbledon,1211,John Millman,Marcos Baghdatis,,,,,,,,,,
2015-wimbledon-1212,2015,wimbledon,1212,Liam Broady,David Goffin,,,,,,,,,,
2015-wimbledon-1213,2015,wimbledon,1213,Grigor Dimitrov,Steve Johnson,,,,,,,,,,
2015-wimbledon-1214,2015,wimbledon,1214,Kenny De Schepper,Richard Gasquet,,,,,,,,,,
2015-wimbledon-1215,2015,wimbledon,1215,Nick Kyrgios,Juan Monaco,,,,,,,,,,
2015-wimbledon-1216,2015,wimbledon,1216,Tommy Haas,Milos Raonic,,,,,,,,,,
2015-wimbledon-1217,2015,wimbledon,1217,James Ward,Jiri Vesely,,,,,,,,,,
2015-wimbledon-1218,2015,wimbledon,1218,Vasek Pospisil,Fabio Fognini,,,,,,,,,,
2015-wimbledon-1219,2015,wimbledon,1219,Viktor Troicki,Aljaz Bedene,,,,,,,,,,
2015-wimbledon-1220,2015,wimbledon,1220,Dustin Brown,Rafael Nadal,,,,,,,,,,
2015-wimbledon-1221,2015,wimbledon,1221,Jo Wilfried Tsonga,Albert Ramos Vinolas,,,,,,,,,,
2015-wimbledon-1222,2015,wimbledon,1222,Alexandr Dolgopolov,Ivo Karlovic,,,,,,,,,,
2015-wimbledon-1223,2015,wimbledon,1223,Andreas Seppi,Borna Coric,,,,,,,,,,
2015-wimbledon-1224,2015,wimbledon,1224,Robin Haase,Andy Murray,,,,,,,,,,
2015-wimbledon-1225,2015,wimbledon,1225,Tomas Berdych,Nicolas Mahut,,,,,,,,,,
2015-wimbledon-1226,2015,wimbledon,1226,Lukas Rosol,Pablo Andujar,,,,,,,,,,
2015-wimbledon-1227,2015,wimbledon,1227,Gael Monfils,Adrian Mannarino,,,,,,,,,,
2015-wimbledon-1228,2015,wimbledon,1228,Blaz Kavcic,Gilles Simon,,,,,,,,,,
2015-wimbledon-1229,2015,wimbledon,1229,Feliciano Lopez,Nikoloz Basilashvili,,,,,,,,,,
2015-wimbledon-1230,2015,wimbledon,1230,Benoit Paire,Roberto Bautista Agut,,,,,,,,,,
2015-wimbledon-1231,2015,wimbledon,1231,Sam Groth,James Duckworth,,,,,,,,,,
2015-wimbledon-1232,2015,wimbledon,1232,Sam Querrey,Roger Federer,,,,,,,,,,
2015-wimbledon-1301,2015,wimbledon,1301,Novak Djokovic,Bernard Tomic,,,,,,,,,,
2015-wimbledon-1302,2015,wimbledon,1302,Leonardo Mayer,Kevin Anderson,,,,,,,,,,
2015-wimbledon-1303,2015,wimbledon,1303,Marin Cilic,John Isner,,,,,,,,,,
2015-wimbledon-1304,2015,wimbledon,1304,Denis Kudla,Santiago Giraldo,,,,,,,,,,
2015-wimbledon-1305,2015,wimbledon,1305,Stan Wawrinka,Fernando Verdasco,,,,,,,,,,
2015-wimbledon-1306,2015,wimbledon,1306,Marcos Baghdatis,David Goffin,,,,,,,,,,
2015-wimbledon-1307,2015,wimbledon,1307,Grigor Dimitrov,Richard Gasquet,,,,,,,,,,
2015-wimbledon-1308,2015,wimbledon,1308,Nick Kyrgios,Milos Raonic,,,,,,,,,,
2015-wimbledon-1309,2015,wimbledon,1309,James Ward,Vasek Pospisil,,,,,,,,,,
2015-wimbledon-1310,2015,wimbledon,1310,Viktor Troicki,Dustin Brown,,,,,,,,,,
2015-wimbledon-1311,2015,wimbledon,1311,Jo Wilfried Tsonga,Ivo Karlovic,,,,,,,,,,
2015-wimbledon-1312,2015,wimbledon,1312,Andreas Seppi,Andy Murray,,,,,,,,,,
2015-wimbledon-1313,2015,wimbledon,1313,Tomas Berdych,Pablo Andujar,,,,,,,,,,
2015-wimbledon-1314,2015,wimbledon,1314,Gael Monfils,Gilles Simon,,,,,,,,,,
2015-wimbledon-1315,2015,wimbledon,1315,Nikoloz Basilashvili,Roberto Bautista Agut,,,,,,,,,,
2015-wimbledon-1316,2015,wimbledon,1316,Sam Groth,Roger Federer,,,,,,,,,,
2015-wimbledon-1401,2015,wimbledon,1401,Novak Djokovic,Kevin Anderson,,,,,,,,,,
2015-wimbledon-1402,2015,wimbledon,1402,Marin Cilic,Denis Kudla,,,,,,,,,,
2015-wimbledon-1403,2015,wimbledon,1403,Stan Wawrinka,David Goffin,,,,,,,,,,
2015-wimbledon-1404,2015,wimbledon,1404,Richard Gasquet,Nick Kyrgios,,,,,,,,,,
2015-wimbledon-1405,2015,wimbledon,1405,Vasek Pospisil,Viktor Troicki,,,,,,,,,,
2015-wimbledon-1406,2015,wimbledon,1406,Ivo Karlovic,Andy Murray,,,,,,,,,,
2015-wimbledon-1407,2015,wimbledon,1407,Tomas Berdych,Gilles Simon,,,,,,,,,,
2015-wimbledon-1408,2015,wimbledon,1408,Roberto Bautista Agut,Roger Federer,,,,,,,,,,
2015-wimbledon-1501,2015,wimbledon,1501,Novak Djokovic,Marin Cilic,,,,,,,,,,
2015-wimbledon-1502,2015,wimbledon,1502,Stan Wawrinka,Richard Gasquet,,,,,,,,,,
2015-wimbledon-1503,2015,wimbledon,1503,Vasek Pospisil,Andy Murray,,,,,,,,,,
2015-wimbledon-1504,2015,wimbledon,1504,Gilles Simon,Roger Federer,,,,,,,,,,
2015-wimbledon-1601,2015,wimbledon,1601,Novak Djokovic,Richard Gasquet,,,,,,,,,,
2015-wimbledon-1602,2015,wimbledon,1602,Andy Murray,Roger Federer,,,,,,,,,,
2015-wimbledon-1701,2015,wimbledon,1701,Novak Djokovic,Roger Federer,,,,,,,,,,
2015-wimbledon-2101,2015,wimbledon,2101,Serena Williams,Margarita Gasparyan,,,,,,,,,,
2015-wimbledon-2102,2015,wimbledon,2102,Timea Babos,Petra Cetkovska,,,,,,,,,,
2015-wimbledon-2103,2015,wimbledon,2103,Daniela Hantuchova,Dominika Cibulkova,,,,,,,,,,
2015-wimbledon-2104,2015,wimbledon,2104,Heather Watson,Caroline Garcia,,,,,,,,,,
2015-wimbledon-2105,2015,wimbledon,2105,Sara Errani,Francesca Schiavone,,,,,,,,,,
2015-wimbledon-2106,2015,wimbledon,2106,Aleksandra Krunic,Roberta Vinci,,,,,,,,,,
2015-wimbledon-2107,2015,wimbledon,2107,Marina Erakovic,Yulia Putintseva,,,,,,,,,,
2015-wimbledon-2108,2015,wimbledon,2108,Madison Brengle,Venus Williams,,,,,,,,,,
2015-wimbledon-2109,2015,wimbledon,2109,Carla Suarez Navarro,Jelena Ostapenko,,,,,,,,,,
2015-wimbledon-2110,2015,wimbledon,2110,Alexandra Dulgheru,Kristina Mladenovic,,,,,,,,,,
2015-wimbledon-2111,2015,wimbledon,2111,Kirsten Flipkens,Annika Beck,,,,,,,,,,
2015-wimbledon-2112,2015,wimbledon,2112,Anett Kontaveit,Victoria Azarenka,,,,,,,,,,
2015-wimbledon-2113,2015,wimbledon,2113,Belinda Bencic,Tsvetana Pironkova,,,,,,,,,,
2015-wimbledon-2114,2015,wimbledon,2114,Vitalia Diatchenko,Anna Lena Friedsam,,,,,,,,,,
2015-wimbledon-2115,2015,wimbledon,2115,Alison Van Uytvanck,Bethanie Mattek Sands,,,,,,,,,,
2015-wimbledon-2116,2015,wimbledon,2116,Yi Fan Xu,Ana Ivanovic,,,,,,,,,,
2015-wimbledon-2117,2015,wimbledon,2117,Maria Sharapova,Johanna Konta,,,,,,,,,,
2015-wimbledon-2118,2015,wimbledon,2118,Richel Hogenkamp,Qiang Wang,,,,,,,,,,
2015-wimbledon-2119,2015,wimbledon,2119,Nicole Gibbs,Lesia Tsurenko,,,,,,,,,,
2015-wimbledon-2120,2015,wimbledon,2120,Daria Gavrilova,Irina Camelia Begu,,,,,,,,,,
2015-wimbledon-2121,2015,wimbledon,2121,Flavia Pennetta,Zarina Diyas,,,,,,,,,,
2015-wimbledon-2122,2015,wimbledon,2122,Lin Zhu,Aliaksandra Sasnovich,,,,,,,,,,
2015-wimbledon-2123,2015,wimbledon,2123,Mariana Duque Marino,Naomi Broady,,,,,,,,,,
2015-wimbledon-2124,2015,wimbledon,2124,Shelby Rogers,Andrea Petkovic,,,,,,,,,,
2015-wimbledon-2125,2015,wimbledon,2125,Karolina Pliskova,Irina Falconi,,,,,,,,,,
2015-wimbledon-2126,2015,wimbledon,2126,Coco Vandeweghe,Anna Karolina Schmiedlova,,,,,,,,,,
2015-wimbledon-2127,2015,wimbledon,2127,Edina Gallovits Hall,Urszula Radwanska,,,,,,,,,,
2015-wimbledon-2128,2015,wimbledon,2128,Danka Kovinic,Samantha Stosur,,,,,,,,,,
2015-wimbledon-2129,2015,wimbledon,2129,Barbora Strycova,Sloane Stephens,,,,,,,,,,
2015-wimbledon-2130,2015,wimbledon,2130,Polona Hercog,Lauren Davis,,,,,,,,,,
2015-wimbledon-2131,2015,wimbledon,2131,Su Wei Hsieh,Kaia Kanepi,,,,,,,,,,
2015-wimbledon-2132,2015,wimbledon,2132,Alison Riske,Lucie Safarova,,,,,,,,,,
2015-wimbledon-2133,2015,wimbledon,2133,Caroline Wozniacki,Saisai Zheng,,,,,,,,,,
2015-wimbledon-2134,2015,wimbledon,2134,Katerina Siniakova,Denisa Allertova,,,,,,,,,,
2015-wimbledon-2135,2015,wimbledon,2135,Lara Arruabarrena,Pauline Parmentier,,,,,,,,,,
2015-wimbledon-2136,2015,wimbledon,2136,Teliana Pereira,Camila Giorgi,,,,,,,,,,
2015-wimbledon-2137,2015,wimbledon,2137,Garbine Muguruza,Varvara Lepchenko,,,,,,,,,,
2015-wimbledon-2138,2015,wimbledon,2138,Mirjana Lucic Baroni,Yaroslava Shvedova,,,,,,,,,,
2015-wimbledon-2139,2015,wimbledon,2139,Anastasia Pavlyuchenkova,Mona Barthel,,,,,,,,,,
2015-wimbledon-2140,2015,wimbledon,2140,Carina Witthoeft,Angelique Kerber,,,,,,,,,,
2015-wimbledon-2141,2015,wimbledon,2141,Timea Bacsinszky,Julia Goerges,,,,,,,,,,
2015-wimbledon-2142,2015,wimbledon,2142,Sesil Karatantcheva,Silvia Soler Espinosa,,,,,,,,,,
2015-wimbledon-2143,2015,wimbledon,2143,Johanna Larsson,Christina McHale,,,,,,,,,,
2015-wimbledon-2144,2015,wimbledon,2144,Jarmila Gajdosova,Sabine Lisicki,,,,,,,,,,
2015-wimbledon-2145,2015,wimbledon,2145,Svetlana Kuznetsova,Laura Siegemund,,,,,,,,,,
2015-wimbledon-2146,2015,wimbledon,2146,Kristyna Pliskova,Tereza Smitkova,,,,,,,,,,
2015-wimbledon-2147,2015,wimbledon,2147,Monica Puig,Monica Niculescu,,,,,,,,,,
2015-wimbledon-2148,2015,wimbledon,2148,Jana Cepelova,Simona Halep,,,,,,,,,,
2015-wimbledon-2149,2015,wimbledon,2149,Ekaterina Makarova,Sachia Vickery,,,,,,,,,,
2015-wimbledon-2150,2015,wimbledon,2150,Karin Knapp,Magdalena Rybarikova,,,,,,,,,,
2015-wimbledon-2151,2015,wimbledon,2151,Andreea Mitu,Olga Govortsova,,,,,,,,,,
2015-wimbledon-2152,2015,wimbledon,2152,Ana Konjuh,Alize Cornet,,,,,,,,,,
2015-wimbledon-2153,2015,wimbledon,2153,Madison Keys,Stefanie Voegele,,,,,,,,,,
2015-wimbledon-2154,2015,wimbledon,2154,Yanina Wickmayer,Elizaveta Kulichkova,,,,,,,,,,
2015-wimbledon-2155,2015,wimbledon,2155,Tatjana Maria,Bojana Jovanovski,,,,,,,,,,
2015-wimbledon-2156,2015,wimbledon,2156,Ying Ying Duan,Eugenie Bouchard,,,,,,,,,,
2015-wimbledon-2157,2015,wimbledon,2157,Agnieszka Radwanska,Lucie Hradecka,,,,,,,,,,
2015-wimbledon-2158,2015,wimbledon,2158,Ajla Tomljanovic,Klara Koukalova,,,,,,,,,,
2015-wimbledon-2159,2015,wimbledon,2159,Tamira Paszek,Casey Dellacqua,,,,,,,,,,
2015-wimbledon-2160,2015,wimbledon,2160,Misaki Doi,Elina Svitolina,,,,,,,,,,
2015-wimbledon-2161,2015,wimbledon,2161,Jelena Jankovic,Elena Vesnina,,,,,,,,,,
2015-wimbledon-2162,2015,wimbledon,2162,Evgeniya Rodina,Laura Robson,,,,,,,,,,
2015-wimbledon-2163,2015,wimbledon,2163,Magda Linette,Kurumi Nara,,,,,,,,,,
2015-wimbledon-2164,2015,wimbledon,2164,Kiki Bertens,Petra Kvitova,,,,,,,,,,
2015-wimbledon-2201,2015,wimbledon,2201,Serena Williams,Timea Babos,,,,,,,,,,
2015-wimbledon-2202,2015,wimbledon,2202,Daniela Hantuchova,Heather Watson,,,,,,,,,,
2015-wimbledon-2203,2015,wimbledon,2203,Sara Errani,Aleksandra Krunic,,,,,,,,,,
2015-wimbledon-2204,2015,wimbledon,2204,Yulia Putintseva,Venus Williams,,,,,,,,,,
2015-wimbledon-2205,2015,wimbledon,2205,Jelena Ostapenko,Kristina Mladenovic,,,,,,,,,,
2015-wimbledon-2206,2015,wimbledon,2206,Kirsten Flipkens,Victoria Azarenka,,,,,,,,,,
2015-wimbledon-2207,2015,wimbledon,2207,Belinda Bencic,Anna Lena Friedsam,,,,,,,,,,
2015-wimbledon-2208,2015,wimbledon,2208,Bethanie Mattek Sands,Ana Ivanovic,,,,,,,,,,
2015-wimbledon-2209,2015,wimbledon,2209,Maria Sharapova,Richel Hogenkamp,,,,,,,,,,
2015-wimbledon-2210,2015,wimbledon,2210,Lesia Tsurenko,Irina Camelia Begu,,,,,,,,,,
2015-wimbledon-2211,2015,wimbledon,2211,Zarina Diyas,Aliaksandra Sasnovich,,,,,,,,,,
2015-wimbledon-2212,2015,wimbledon,2212,Mariana Duque Marino,Andrea Petkovic,,,,,,,,,,
2015-wimbledon-2213,2015,wimbledon,2213,Karolina Pliskova,Coco Vandeweghe,,,,,,,,,,
2015-wimbledon-2214,2015,wimbledon,2214,Urszula Radwanska,Samantha Stosur,,,,,,,,,,
2015-wimbledon-2215,2015,wimbledon,2215,Sloane Stephens,Lauren Davis,,,,,,,,,,
2015-wimbledon-2216,2015,wimbledon,2216,Su Wei Hsieh,Lucie Safarova,,,,,,,,,,
2015-wimbledon-2217,2015,wimbledon,2217,Caroline Wozniacki,Denisa Allertova,,,,,,,,,,
2015-wimbledon-2218,2015,wimbledon,2218,Lara Arruabarrena,Camila Giorgi,,,,,,,,,,
2015-wimbledon-2219,2015,wimbledon,2219,Garbine Muguruza,Mirjana Lucic Baroni,,,,,,,,,,
2015-wimbledon-2220,2015,wimbledon,2220,Anastasia Pavlyuchenkova,Angelique Kerber,,,,,,,,,,
2015-wimbledon-2221,2015,wimbledon,2221,Timea Bacsinszky,Silvia Soler Espinosa,,,,,,,,,,
2015-wimbledon-2222,2015,wimbledon,2222,Christina McHale,Sabine Lisicki,,,,,,,,,,
2015-wimbledon-2223,2015,wimbledon,2223,Svetlana Kuznetsova,Kristyna Pliskova,,,,,,,,,,
2015-wimbledon-2224,2015,wimbledon,2224,Monica Niculescu,Jana Cepelova,,,,,,,,,,
2015-wimbledon-2225,2015,wimbledon,2225,Ekaterina Makarova,Magdalena Rybarikova,,,,,,,,,,
2015-wimbledon-2226,2015,wimbledon,2226,Olga Govortsova,Alize Cornet,,,,,,,,,,
2015-wimbledon-2227,2015,wimbledon,2227,Madison Keys,Elizaveta Kulichkova,,,,,,,,,,
2015-wimbledon-2228,2015,wimbledon,2228,Tatjana Maria,Ying Ying Duan,,,,,,,,,,
2015-wimbledon-2229,2015,wimbledon,2229,Agnieszka Radwanska,Ajla Tomljanovic,,,,,,,,,,
2015-wimbledon-2230,2015,wimbledon,2230,Casey Dellacqua,Elina Svitolina,,,,,,,,,,
2015-wimbledon-2231,2015,wimbledon,2231,Jelena Jankovic,Evgeniya Rodina,,,,,,,,,,
2015-wimbledon-2232,2015,wimbledon,2232,Kurumi Nara,Petra Kvitova,,,,,,,,,,
2015-wimbledon-2301,2015,wimbledon,2301,Serena Williams,Heather Watson,,,,,,,,,,
2015-wimbledon-2302,2015,wimbledon,2302,Aleksandra Krunic,Venus Williams,,,,,,,,,,
2015-wimbledon-2303,2015,wimbledon,2303,Kristina Mladenovic,Victoria Azarenka,,,,,,,,,,
2015-wimbledon-2304,2015,wimbledon,2304,Belinda Bencic,Bethanie Mattek Sands,,,,,,,,,,
2015-wimbledon-2305,2015,wimbledon,2305,Maria Sharapova,Irina Camelia Begu,,,,,,,,,,
2015-wimbledon-2306,2015,wimbledon,2306,Zarina Diyas,Andrea Petkovic,,,,,,,,,,
2015-wimbledon-2307,2015,wimbledon,2307,Coco Vandeweghe,Samantha Stosur,,,,,,,,,,
2015-wimbledon-2308,2015,wimbledon,2308,Sloane Stephens,Lucie Safarova,,,,,,,,,,
2015-wimbledon-2309,2015,wimbledon,2309,Caroline Wozniacki,Camila Giorgi,,,,,,,,,,
2015-wimbledon-2310,2015,wimbledon,2310,Garbine Muguruza,Angelique Kerber,,,,,,,,,,
2015-wimbledon-2311,2015,wimbledon,2311,Timea Bacsinszky,Sabine Lisicki,,,,,,,,,,
2015-wimbledon-2312,2015,wimbledon,2312,Kristyna Pliskova,Monica Niculescu,,,,,,,,,,
2015-wimbledon-2313,2015,wimbledon,2313,Magdalena Rybarikova,Olga Govortsova,,,,,,,,,,
2015-wimbledon-2314,2015,wimbledon,2314,Madison Keys,Tatjana Maria,,,,,,,,,,
2015-wimbledon-2315,2015,wimbledon,2315,Agnieszka Radwanska,Casey Dellacqua,,,,,,,,,,
2015-wimbledon-2316,2015,wimbledon,2316,Jelena Jankovic,Petra Kvitova,,,,,,,,,,
2015-wimbledon-2401,2015,wimbledon,2401,Serena Williams,Venus Williams,,,,,,,,,,
2015-wimbledon-2402,2015,wimbledon,2402,Victoria Azarenka,Belinda Bencic,,,,,,,,,,
2015-wimbledon-2403,2015,wimbledon,2403,Maria Sharapova,Zarina Diyas,,,,,,,,,,
2015-wimbledon-2404,2015,wimbledon,2404,Coco Vandeweghe,Lucie Safarova,,,,,,,,,,
2015-wimbledon-2405,2015,wimbledon,2405,Caroline Wozniacki,Garbine Muguruza,,,,,,,,,,
2015-wimbledon-2406,2015,wimbledon,2406,Timea Bacsinszky,Monica Niculescu,,,,,,,,,,
2015-wimbledon-2407,2015,wimbledon,2407,Olga Govortsova,Madison Keys,,,,,,,,,,
2015-wimbledon-2408,2015,wimbledon,2408,Agnieszka Radwanska,Jelena Jankovic,,,,,,,,,,
2015-wimbledon-2501,2015,wimbledon,2501,Serena Williams,Victoria Azarenka,,,,,,,,,,
2015-wimbledon-2502,2015,wimbledon,2502,Maria Sharapova,Coco Vandeweghe,,,,,,,,,,
2015-wimbledon-2503,2015,wimbledon,2503,Garbine Muguruza,Timea Bacsinszky,,,,,,,,,,
2015-wimbledon-2504,2015,wimbledon,2504,Madison Keys,Agnieszka Radwanska,,,,,,,,,,
2015-wimbledon-2601,2015,wimbledon,2601,Serena Williams,Maria Sharapova,,,,,,,,,,
2015-wimbledon-2602,2015,wimbledon,2602,Garbine Muguruza,Agnieszka Radwanska,,,,,,,,,,
2015-wimbledon-2701,2015,wimbledon,2701,Serena Williams,Garbine Muguruza,,,,,,,,,,
