match_id,year,slam,match_num,player1,player2,status,winner,event_name,round,court_name,court_id,player1id,player2id,nation1,nation2
2016-wimbledon-1101,2016,wimbledon,1101,Novak Djokovic,James Ward,,,,,,,,,,
2016-wimbledon-1102,2016,wimbledon,1102,Kyle Edmund,Adrian Mannarino,,,,,,,,,,
2016-wimbledon-1103,2016,wimbledon,1103,Thomaz Bellucci,Ruben Bemelmans,,,,,,,,,,
2016-wimbledon-1104,2016,wimbledon,1104,Lukas Rosol,Sam Querrey,,,,,,,,,,
2016-wimbledon-1105,2016,wimbledon,1105,Philipp Kohlschreiber,Pierre Hugues Herbert,,,,,,,,,,
2016-wimbledon-1106,2016,wimbledon,1106,Damir Dzumhur,Denis Kudla,,,,,,,,,,
2016-wimbledon-1107,2016,wimbledon,1107,Brydan Klein,Nicolas Mahut,,,,,,,,,,
2016-wimbledon-1108,2016,wimbledon,1108,Dudi Sela,David Ferrer,,,,,,,,,,
2016-wimbledon-1109,2016,wimbledon,1109,David Goffin,Alexander Ward,,,,,,,,,,
2016-wimbledon-1110,2016,wimbledon,1110,Edouard Roger Vasselin,Teymuraz Gabashvili,,,,,,,,,,
2016-wimbledon-1111,2016,wimbledon,1111,Nicolas Almagro,Rogerio Dutra Silva,,,,,,,,,,
2016-wimbledon-1112,2016,wimbledon,1112,Denis Istomin,Kevin Anderson,,,,,,,,,,
2016-wimbledon-1113,2016,wimbledon,1113,Jack Sock,Ernests Gulbis,,,,,,,,,,
2016-wimbledon-1114,2016,wimbledon,1114,Diego Schwartzman,Robin Haase,,,,,,,,,,
2016-wimbledon-1115,2016,wimbledon,1115,Andreas Seppi,Guillermo Garcia Lopez,,,,,,,,,,
2016-wimbledon-1116,2016,wimbledon,1116,Pablo Carreno Busta,Milos Raonic,,,,,,,,,,
2016-wimbledon-1117,2016,wimbledon,1117,Roger Federer,Guido Pella,,,,,,,,,,
2016-wimbledon-1118,2016,wimbledon,1118,Ricardas Berankis,Marcus Willis,,,,,,,,,,
2016-wimbledon-1119,2016,wimbledon,1119,Daniel Evans,Jan Lennard Struff,,,,,,,,,,
2016-wimbledon-1120,2016,wimbledon,1120,Evgeny Donskoy,Alexandr Dolgopolov,,,,,,,,,,
2016-wimbledon-1121,2016,wimbledon,1121,Gael Monfils,Jeremy Chardy,,,,,,,,,,
2016-wimbledon-1122,2016,wimbledon,1122,Malek Jaziri,Steve Johnson,,,,,,,,,,
2016-wimbledon-1123,2016,wimbledon,1123,Bjorn Fratangelo,Grigor Dimitrov,,,,,,,,,,
2016-wimbledon-1124,2016,wimbledon,1124,Janko Tipsarevic,Gilles Simon,,,,,,,,,,
2016-wimbledon-1125,2016,wimbledon,1125,Marin Cilic,Brian Baker,,,,,,,,,,
2016-wimbledon-1126,2016,wimbledon,1126,Sergiy Stakhovsky,Yoshihito Nishioka,,,,,,,,,,
2016-wimbledon-1127,2016,wimbledon,1127,Paolo Lorenzi,Lukas Lacko,,,,,,,,,,
2016-wimbledon-1128,2016,wimbledon,1128,Borna Coric,Ivo Karlovic,,,,,,,,,,
2016-wimbledon-1129,2016,wimbledon,1129,Pablo Cuevas,Andrey Kuznetsov,,,,,,,,,,
2016-wimbledon-1130,2016,wimbledon,1130,Santiago Giraldo,Gilles Muller,,,,,,,,,,
2016-wimbledon-1131,2016,wimbledon,1131,Julien Benneteau,Illya Marchenko,,,,,,,,,,
2016-wimbledon-1132,2016,wimbledon,1132,Sam Groth,Kei Nishikori,,,,,,,,,,
2016-wimbledon-1133,2016,wimbledon,1133,Dominic Thiem,Florian Mayer,,,,,,,,,,
2016-wimbledon-1134,2016,wimbledon,1134,Jiri Vesely,Igor Sijsling,,,,,,,,,,
2016-wimbledon-1135,2016,wimbledon,1135,Luke Saville,Dennis Novikov,,,,,,,,,,
2016-wimbledon-1136,2016,wimbledon,1136,Dmitry Tursunov,Joao Sousa,,,,,,,,,,
2016-wimbledon-1137,2016,wimbledon,1137,Alexander Zverev,Paul Henri Mathieu,,,,,,,,,,
2016-wimbledon-1138,2016,wimbledon,1138,Horacio Zeballos,Mikhail Youzhny,,,,,,,,,,
2016-wimbledon-1139,2016,wimbledon,1139,Benjamin Becker,Facundo Bagnis,,,,,,,,,,
2016-wimbledon-1140,2016,wimbledon,1140,Ivan Dodig,Tomas Berdych,,,,,,,,,,
2016-wimbledon-1141,2016,wimbledon,1141,Roberto Bautista Agut,Jordan Thompson,,,,,,,,,,
2016-wimbledon-1142,2016,wimbledon,1142,Mikhail Kukushkin,Martin Klizan,,,,,,,,,,
2016-wimbledon-1143,2016,wimbledon,1143,Gastao Elias,Radu Albot,,,,,,,,,,
2016-wimbledon-1144,2016,wimbledon,1144,Fernando Verdasco,Bernard Tomic,,,,,,,,,,
2016-wimbledon-1145,2016,wimbledon,1145,Lucas Pouille,Marius Copil,,,,,,,,,,
2016-wimbledon-1146,2016,wimbledon,1146,Donald Young,Leonardo Mayer,,,,,,,,,,
2016-wimbledon-1147,2016,wimbledon,1147,Stephane Robert,Juan Martin Del Potro,,,,,,,,,,
2016-wimbledon-1148,2016,wimbledon,1148,Taylor Fritz,Stan Wawrinka,,,,,,,,,,
2016-wimbledon-1149,2016,wimbledon,1149,Richard Gasquet,Aljaz Bedene,,,,,,,,,,
2016-wimbledon-1150,2016,wimbledon,1150,Marcel Granollers,Victor Estrella Burgos,,,,,,,,,,
2016-wimbledon-1151,2016,wimbledon,1151,Vasek Pospisil,Albert Ramos Vinolas,,,,,,,,,,
2016-wimbledon-1152,2016,wimbledon,1152,Tristan Lamasine,Viktor Troicki,,,,,,,,,,
2016-wimbledon-1153,2016,wimbledon,1153,John Isner,Marcos Baghdatis,,,,,,,,,,
2016-wimbledon-1154,2016,wimbledon,1154,Albano Olivetti,Matthew Barton,,,,,,,,,,
2016-wimbledon-1155,2016,wimbledon,1155,Taro Daniel,Juan Monaco,,,,,,,,,,
2016-wimbledon-1156,2016,wimbledon,1156,Inigo Cervantes Huegun,Jo Wilfried Tsonga,,,,,,,,,,
2016-wimbledon-1157,2016,wimbledon,1157,Nick Kyrgios,Radek Stepanek,,,,,,,,,,
2016-wimbledon-1158,2016,wimbledon,1158,Dusan Lajovic,Dustin Brown,,,,,,,,,,
2016-wimbledon-1159,2016,wimbledon,1159,Federico Delbonis,Fabio Fognini,,,,,,,,,,
2016-wimbledon-1160,2016,wimbledon,1160,Rajeev Ram,Feliciano Lopez,,,,,,,,,,
2016-wimbledon-1161,2016,wimbledon,1161,Benoit Paire,Franko Skugor,,,,,,,,,,
2016-wimbledon-1162,2016,wimbledon,1162,John Millman,Albert Montanes,,,,,,,,,,
2016-wimbledon-1163,2016,wimbledon,1163,Yen Hsun Lu,Alexander Kudryavtsev,,,,,,,,,,
2016-wimbledon-1164,2016,wimbledon,1164,Liam Broady,Andy Murray,,,,,,,,,,
2016-wimbledon-1201,2016,wimbledon,1201,Novak Djokovic,Adrian Mannarino,,,,,,,,,,
2016-wimbledon-1202,2016,wimbledon,1202,Thomaz Bellucci,Sam Querrey,,,,,,,,,,
2016-wimbledon-1203,2016,wimbledon,1203,Pierre Hugues Herbert,Damir Dzumhur,,,,,,,,,,
2016-wimbledon-1204,2016,wimbledon,1204,Nicolas Mahut,David Ferrer,,,,,,,,,,
2016-wimbledon-1205,2016,wimbledon,1205,David Goffin,Edouard Roger Vasselin,,,,,,,,,,
2016-wimbledon-1206,2016,wimbledon,1206,Nicolas Almagro,Denis Istomin,,,,,,,,,,
2016-wimbledon-1207,2016,wimbledon,1207,Jack Sock,Robin Haase,,,,,,,,,,
2016-wimbledon-1208,2016,wimbledon,1208,Andreas Seppi,Milos Raonic,,,,,,,,,,
2016-wimbledon-1209,2016,wimbledon,1209,Roger Federer,Marcus Willis,,,,,,,,,,
2016-wimbledon-1210,2016,wimbledon,1210,Daniel Evans,Alexandr Dolgopolov,,,,,,,,,,
2016-wimbledon-1211,2016,wimbledon,1211,Jeremy Chardy,Steve Johnson,,,,,,,,,,
2016-wimbledon-1212,2016,wimbledon,1212,Grigor Dimitrov,Gilles Simon,,,,,,,,,,
2016-wimbledon-1213,2016,wimbledon,1213,Marin Cilic,Sergiy Stakhovsky,,,,,,,,,,
2016-wimbledon-1214,2016,wimbledon,1214,Lukas Lacko,Ivo Karlovic,,,,,,,,,,
2016-wimbledon-1215,2016,wimbledon,1215,Andrey Kuznetsov,Gilles Muller,,,,,,,,,,
2016-wimbledon-1216,2016,wimbledon,1216,Julien Benneteau,Kei Nishikori,,,,,,,,,,
2016-wimbledon-1217,2016,wimbledon,1217,Dominic Thiem,Jiri Vesely,,,,,,,,,,
2016-wimbledon-1218,2016,wimbledon,1218,Dennis Novikov,Joao Sousa,,,,,,,,,,
2016-wimbledon-1219,2016,wimbledon,1219,Alexander Zverev,Mikhail Youzhny,,,,,,,,,,
2016-wimbledon-1220,2016,wimbledon,1220,Benjamin Becker,Tomas Berdych,,,,,,,,,,
2016-wimbledon-1222,2016,wimbledon,1222,Radu Albot,Bernard Tomic,,,,,,,,,,
2016-wimbledon-1223,2016,wimbledon,1223,Lucas Pouille,Donald Young,,,,,,,,,,
2016-wimbledon-1224,2016,wimbledon,1224,Juan Martin Del Potro,Stan Wawrinka,,,,,,,,,,
2016-wimbledon-1225,2016,wimbledon,1225,Richard Gasquet,Marcel Granollers,,,,,,,,,,
2016-wimbledon-1226,2016,wimbledon,1226,Albert Ramos Vinolas,Viktor Troicki,,,,,,,,,,
2016-wimbledon-1227,2016,wimbledon,1227,John Isner,Matthew Barton,,,,,,,,,,
2016-wimbledon-1228,2016,wimbledon,1228,Juan Monaco,Jo Wilfried Tsonga,,,,,,,,,,
2016-wimbledon-1229,2016,wimbledon,1229,Nick Kyrgios,Dustin Brown,,,,,,,,,,
2016-wimbledon-1230,2016,wimbledon,1230,Fabio Fognini,Feliciano Lopez,,,,,,,,,,
2016-wimbledon-1231,2016,wimbledon,1231,Benoit Paire,John Millman,,,,,,,,,,
2016-wimbledon-1232,2016,wimbledon,1232,Yen Hsun Lu,Andy Murray,,,,,,,,,,
2016-wimbledon-1301,2016,wimbledon,1301,Novak Djokovic,Sam Querrey,,,,,,,,,,
2016-wimbledon-1302,2016,wimbledon,1302,Pierre Hugues Herbert,Nicolas Mahut,,,,,,,,,,
2016-wimbledon-1303,2016,wimbledon,1303,David Goffin,Denis Istomin,,,,,,,,,,
2016-wimbledon-1304,2016,wimbledon,1304,Jack Sock,Milos Raonic,,,,,,,,,,
2016-wimbledon-1305,2016,wimbledon,1305,Roger Federer,Daniel Evans,,,,,,,,,,
2016-wimbledon-1306,2016,wimbledon,1306,Steve Johnson,Grigor Dimitrov,,,,,,,,,,
2016-wimbledon-1307,2016,wimbledon,1307,Marin Cilic,Lukas Lacko,,,,,,,,,,
2016-wimbledon-1308,2016,wimbledon,1308,Andrey Kuznetsov,Kei Nishikori,,,,,,,,,,
2016-wimbledon-1309,2016,wimbledon,1309,Jiri Vesely,Joao Sousa,,,,,,,,,,
2016-wimbledon-1310,2016,wimbledon,1310,Alexander Zverev,Tomas Berdych,,,,,,,,,,
2016-wimbledon-1311,2016,wimbledon,1311,Roberto Bautista Agut,Bernard Tomic,,,,,,,,,,
2016-wimbledon-1312,2016,wimbledon,1312,Lucas Pouille,Juan Martin Del Potro,,,,,,,,,,
2016-wimbledon-1313,2016,wimbledon,1313,Richard Gasquet,Albert Ramos Vinolas,,,,,,,,,,
2016-wimbledon-1314,2016,wimbledon,1314,John Isner,Jo Wilfried Tsonga,,,,,,,,,,
2016-wimbledon-1315,2016,wimbledon,1315,Nick Kyrgios,Feliciano Lopez,,,,,,,,,,
2016-wimbledon-1316,2016,wimbledon,1316,John Millman,Andy Murray,,,,,,,,,,
2016-wimbledon-1401,2016,wimbledon,1401,Sam Querrey,Nicolas Mahut,,,,,,,,,,
2016-wimbledon-1402,2016,wimbledon,1402,David Goffin,Milos Raonic,,,,,,,,,,
2016-wimbledon-1403,2016,wimbledon,1403,Roger Federer,Steve Johnson,,,,,,,,,,
2016-wimbledon-1404,2016,wimbledon,1404,Marin Cilic,Kei Nishikori,,,,,,,,,,
2016-wimbledon-1405,2016,wimbledon,1405,Jiri Vesely,Tomas Berdych,,,,,,,,,,
2016-wimbledon-1406,2016,wimbledon,1406,Bernard Tomic,Lucas Pouille,,,,,,,,,,
2016-wimbledon-1407,2016,wimbledon,1407,Richard Gasquet,Jo Wilfried Tsonga,,,,,,,,,,
2016-wimbledon-1408,2016,wimbledon,1408,Nick Kyrgios,Andy Murray,,,,,,,,,,
2016-wimbledon-1501,2016,wimbledon,1501,Sam Querrey,Milos Raonic,,,,,,,,,,
2016-wimbledon-1502,2016,wimbledon,1502,Roger Federer,Marin Cilic,,,,,,,,,,
2016-wimbledon-1503,2016,wimbledon,1503,Tomas Berdych,Lucas Pouille,,,,,,,,,,
2016-wimbledon-1504,2016,wimbledon,1504,Jo Wilfried Tsonga,Andy Murray,,,,,,,,,,
2016-wimbledon-1601,2016,wimbledon,1601,Milos Raonic,Roger Federer,,,,,,,,,,
2016-wimbledon-1602,2016,wimbledon,1602,Tomas Berdych,Andy Murray,,,,,,,,,,
2016-wimbledon-1701,2016,wimbledon,1701,Milos Raonic,Andy Murray,,,,,,,,,,
