match_id,year,slam,match_num,player1,player2,status,winner,event_name,round,court_name,court_id,player1id,player2id,nation1,nation2,partner1,partner2
2021-wimbledon-5102,2021,wimbledon,5102,Rohan Bopanna,Ramkumar Ramanathan,,,,,,,,,,,Sania Mirza,Ankita Raina
2021-wimbledon-5103,2021,wimbledon,5103,Jonathan Erlich,Gonzalo Escobar,,,,,,,,,,,Lucie Hradecka,Vera Zvonareva
2021-wimbledon-5106,2021,wimbledon,5106,Ken Skupski,Arthur Fery,,,,,,,,,,,Jessica Pegula,Tara Moore
2021-wimbledon-5110,2021,wimbledon,5110,Austin Krajicek,Nick Kyrgios,,,,,,,,,,,Sabrina Santamaria,Venus Williams
2021-wimbledon-5111,2021,wimbledon,5111,John Patrick Smith,Andrei Vasilevski,,,,,,,,,,,Caty McNally,Arina Rodionova
2021-wimbledon-5114,2021,wimbledon,5114,Roman Jebavy,Andre Begemann,,,,,,,,,,,Marketa Vondrousova,Vivian Heisen
2021-wimbledon-5118,2021,wimbledon,5118,Ryan Peniston,Jeremy Chardy,,,,,,,,,,,Eden Silva,Naomi Broady
2021-wimbledon-5119,2021,wimbledon,5119,Divij Sharan,Ariel Behar,,,,,,,,,,,Samantha Murray Sharan,Galina Voskoboeva
2021-wimbledon-5122,2021,wimbledon,5122,Oliver Marach,Santiago Gonzalez,,,,,,,,,,,Lyudmyla Kichenok,Giuliana Olmos
2021-wimbledon-5123,2021,wimbledon,5123,Joe Salisbury,Henri Kontinen,,,,,,,,,,,Harriet Dart,Heather Watson
2021-wimbledon-5126,2021,wimbledon,5126,Nicholas Monroe,Jonny O'Mara,,,,,,,,,,,Renata Voracova,Sarah Beth Grey
2021-wimbledon-5127,2021,wimbledon,5127,Marc Lopez,Max Purcell,,,,,,,,,,,Marie Bouzkova,Marta Kostyuk
2021-wimbledon-5130,2021,wimbledon,5130,Marcelo Demoliner,David Pel,,,,,,,,,,,Luisa Stefani,Rosalie Van Der Hoek
2021-wimbledon-5131,2021,wimbledon,5131,Matwe Middelkoop,Matthew Ebden,,,,,,,,,,,Kiki Bertens,Samantha Stosur
2021-wimbledon-5201,2021,wimbledon,5201,Aidan McHugh,Rohan Bopanna,,,,,,,,,,,Emily Webley Smith,Sania Mirza
2021-wimbledon-5202,2021,wimbledon,5202,Gonzalo Escobar,Jean Julien Rojer,,,,,,,,,,,Vera Zvonareva,Andreja Klepac
2021-wimbledon-5203,2021,wimbledon,5203,Fabrice Martin,Arthur Fery,,,,,,,,,,,Alexa Guarachi,Tara Moore
2021-wimbledon-5204,2021,wimbledon,5204,Luke Bambridge,Neal Skupski,,,,,,,,,,,Asia Muhammad,Desirae Krawczyk
2021-wimbledon-5207,2021,wimbledon,5207,John Peers,Roman Jebavy,,,,,,,,,,,Shuai Zhang,Marketa Vondrousova
2021-wimbledon-5208,2021,wimbledon,5208,Aisam Ul Haq Qureshi,Ivan Dodig,,,,,,,,,,,Nadiia Kichenok,Latisha Chan
2021-wimbledon-5210,2021,wimbledon,5210,Divij Sharan,Raven Klaasen,,,,,,,,,,,Samantha Murray Sharan,Darija Jurak
2021-wimbledon-5212,2021,wimbledon,5212,Joe Salisbury,Wesley Koolhof,,,,,,,,,,,Harriet Dart,Demi Schuurs
2021-wimbledon-5213,2021,wimbledon,5213,Rajeev Ram,Nicholas Monroe,,,,,,,,,,,Bethanie Mattek Sands,Renata Voracova
2021-wimbledon-5215,2021,wimbledon,5215,Sander Gille,Marcelo Demoliner,,,,,,,,,,,Hayley Carter,Luisa Stefani
2021-wimbledon-5216,2021,wimbledon,5216,Matthew Ebden,Mate Pavic,,,,,,,,,,,Samantha Stosur,Gabriela Dabrowski
2021-wimbledon-5301,2021,wimbledon,5301,Rohan Bopanna,Jean Julien Rojer,,,,,,,,,,,Sania Mirza,Andreja Klepac
2021-wimbledon-5302,2021,wimbledon,5302,Arthur Fery,Neal Skupski,,,,,,,,,,,Tara Moore,Desirae Krawczyk
2021-wimbledon-5303,2021,wimbledon,5303,Edouard Roger Vasselin,Andrei Vasilevski,,,,,,,,,,,Nicole Melichar,Arina Rodionova
2021-wimbledon-5304,2021,wimbledon,5304,John Peers,Ivan Dodig,,,,,,,,,,,Shuai Zhang,Latisha Chan
2021-wimbledon-5305,2021,wimbledon,5305,Jeremy Chardy,Raven Klaasen,,,,,,,,,,,Naomi Broady,Darija Jurak
2021-wimbledon-5306,2021,wimbledon,5306,Oliver Marach,Joe Salisbury,,,,,,,,,,,Lyudmyla Kichenok,Harriet Dart
2021-wimbledon-5308,2021,wimbledon,5308,Sander Gille,Mate Pavic,,,,,,,,,,,Hayley Carter,Gabriela Dabrowski
2021-wimbledon-5401,2021,wimbledon,5401,Jean Julien Rojer,Neal Skupski,,,,,,,,,,,Andreja Klepac,Desirae Krawczyk
2021-wimbledon-5402,2021,wimbledon,5402,Edouard Roger Vasselin,John Peers,,,,,,,,,,,Nicole Melichar,Shuai Zhang
2021-wimbledon-5403,2021,wimbledon,5403,Jeremy Chardy,Joe Salisbury,,,,,,,,,,,Naomi Broady,Harriet Dart
2021-wimbledon-5404,2021,wimbledon,5404,Kevin Krawietz,Mate Pavic,,,,,,,,,,,Kveta Peschke,Gabriela Dabrowski
2021-wimbledon-5501,2021,wimbledon,5501,Neal Skupski,John Peers,,,,,,,,,,,Desirae Krawczyk,Shuai Zhang
2021-wimbledon-5502,2021,wimbledon,5502,Joe Salisbury,Kevin Krawietz,,,,,,,,,,,Harriet Dart,Kveta Peschke
2021-wimbledon-5601,2021,wimbledon,5601,Neal Skupski,Joe Salisbury,,,,,,,,,,,Desirae Krawczyk,Harriet Dart
